"Shrub","600d8233fb9bf90001066f55","AI Generated Brain","62b451157d46d23857b158cb","2c603d78-ae09-4ffd-b974-eda3d32223b5","2025-09-17 18:31"
"Feneb","5dba86167e473f2408461141","fractyl","65a087cc1443f2988e7554ec","d98686a5-92a2-4dc5-9ffe-4e140b14c521","2025-09-17 18:32"
"Bajoras","673e376617251440bb5b377c","Opera GX Man","65b67a412c40703eebe95de7","4dba4d18-812c-44df-a934-c13e5c837480","2025-09-17 18:32"
"AI Generated Brain","62b451157d46d23857b158cb","Shrub","600d8233fb9bf90001066f55","7ae57fa9-5f51-4cfb-8920-33a883b42646","2025-09-17 18:36"
"Bajoras","673e376617251440bb5b377c","Opera GX Man","65b67a412c40703eebe95de7","bfd02224-7979-4efe-bbc0-05f359994390","2025-09-17 18:37"
"Hide_Èô≥","656204f0625675d164065e68","xumakis","6627e930be739b205bb437e1","80883f33-938e-48b2-827b-2ec452632225","2025-09-17 18:39"
"kent","5fa7ab03b45c670001342904","Burmese Santa","62ce16ba58183b25d90e77bf","46865d17-a853-45fe-b432-51b4ba9d480b","2025-09-17 18:41"
"Aliaksandr Kamarou","5bc9f3921f3cf81af80cfa72","pandem","5c07cb21fa3726c568e5c718","a46ca29f-07b7-4b31-a9c6-ae5c00991176","2025-09-17 18:42"
"Shrub","600d8233fb9bf90001066f55","kent","5fa7ab03b45c670001342904","780696fa-eb40-4ef7-9215-3f80628fc52c","2025-09-17 18:46"
"fractyl","65a087cc1443f2988e7554ec","AI Generated Brain","62b451157d46d23857b158cb","4631f0ff-5675-445b-8059-1a93a8832aeb","2025-09-17 18:49"
"kent","5fa7ab03b45c670001342904","Burmese Santa","62ce16ba58183b25d90e77bf","aea7acfc-6323-47f7-83a3-6f71ad8c627b","2025-09-17 18:50"
"Shrub","600d8233fb9bf90001066f55","kent","5fa7ab03b45c670001342904","61bb5392-79da-4432-8883-323fb6130ed6","2025-09-17 18:52"
"Juagie","601b3f4047f927000155a753","Jackkincaid","5d698d4ab4ec17864c52c785","0caa90d5-656b-44dc-8a24-1980fc8aae0e","2025-09-17 18:52"
"Juagie","601b3f4047f927000155a753","Burmese Santa","62ce16ba58183b25d90e77bf","5cd2f2f4-d3e5-4606-b733-f931c11afd4c","2025-09-17 18:58"
"AI Generated Brain","62b451157d46d23857b158cb","fractyl","65a087cc1443f2988e7554ec","708f50df-43da-45f6-8acb-e154e9f0e524","2025-09-17 18:59"
"Troxxinh0","64543bd7fb6efa97a2e06d2b","NaseKoma19298","60f531591f8d1e0001ad790c","1ca3a06a-34f8-4737-8887-540d0927ce87","2025-09-17 19:00"
"Burmese Santa","62ce16ba58183b25d90e77bf","Shrub","600d8233fb9bf90001066f55","b7aa3142-f63b-494d-806c-cf1fb5f5bc2e","2025-09-17 19:03"
"niwai","63bcf9051465b5b236749d8f","pandem","5c07cb21fa3726c568e5c718","43b33f72-93b7-423a-8dd8-78e13f91467b","2025-09-17 19:04"
"Fructidor","5e3712631e34a03504349945","Aliaksandr Kamarou","5bc9f3921f3cf81af80cfa72","688a21b6-062b-475e-83d0-9ff468e206f4","2025-09-17 19:04"
"Shrub","600d8233fb9bf90001066f55","Opera GX Man","65b67a412c40703eebe95de7","6ff932eb-8b25-47e5-9dcd-73e6a547caf6","2025-09-17 19:08"
"Palmitas09","5c0450ca431965af44f4668e","Burmese Santa","62ce16ba58183b25d90e77bf","07cd6177-ec78-499b-9fed-81798e79d1fa","2025-09-17 19:08"
"Burmese Santa","62ce16ba58183b25d90e77bf","Opera GX Man","65b67a412c40703eebe95de7","4fe41ef9-1570-4978-8f6e-d9a689ae3005","2025-09-17 19:12"
"B-FAULT","62253ec0f9a281000121d0e3","Yannizo","628cdc4ddc700a7583b7c399","561bdeb4-92d7-42d9-8c00-9adf6a056ecd","2025-09-17 19:13"
"Palmitas09","5c0450ca431965af44f4668e","tmol","65804bf1981dcef1aaa9fc20","78843179-5127-43f1-8dbb-a89d501d10ed","2025-09-17 19:15"
"fractyl","65a087cc1443f2988e7554ec","AI Generated Brain","62b451157d46d23857b158cb","6664ab2e-5a8a-49e9-b062-234d992b915d","2025-09-17 19:16"
"fractyl","65a087cc1443f2988e7554ec","AI Generated Brain","62b451157d46d23857b158cb","1151d187-beb7-404a-9bb7-a9efd2ede8b0","2025-09-17 19:24"
"B-FAULT","62253ec0f9a281000121d0e3","Burmese Santa","62ce16ba58183b25d90e77bf","f3be1dc1-cb68-4774-a09b-f84c0e817ea7","2025-09-17 19:25"
"Palmitas09","5c0450ca431965af44f4668e","Yannizo","628cdc4ddc700a7583b7c399","3dcf39a6-69b2-4edc-a0a1-b5be5a85cbe9","2025-09-17 19:26"
"niwai","63bcf9051465b5b236749d8f","Aliaksandr Kamarou","5bc9f3921f3cf81af80cfa72","fddebd2e-cf94-46f4-889a-e2bb8be6e759","2025-09-17 19:27"
"Zuepp","601458985acffb00015bd0d5","Lubec","5e974c906ea510372c1e444a","1eea047c-1888-45bc-b401-426eddb29b2e","2025-09-17 19:29"
"fractyl","65a087cc1443f2988e7554ec","AI Generated Brain","62b451157d46d23857b158cb","351d0189-b5eb-405a-800d-0d9c04ce6ada","2025-09-17 19:31"
"Aliaksandr Kamarou","5bc9f3921f3cf81af80cfa72","Palmitas09","5c0450ca431965af44f4668e","4014ff22-733a-4a0e-b036-e920d2e48498","2025-09-17 19:32"
"Pasord","6669c659ca16186b5a3dbc35","Lubec","5e974c906ea510372c1e444a","8b83d9f2-f9e2-4915-825f-7caf1a8fd97f","2025-09-17 19:33"
"B-FAULT","62253ec0f9a281000121d0e3","Troxxinh0","64543bd7fb6efa97a2e06d2b","a480d11a-9ac6-4b48-b0c6-0fb3f76439a2","2025-09-17 19:34"
"Zuepp","601458985acffb00015bd0d5","xiong","5ee4b5fc9d0ad24fd05b0a7a","23dc3094-732e-4a01-880b-cf96a2ff285e","2025-09-17 19:36"
"Palmitas09","5c0450ca431965af44f4668e","ILIA PLONKS","623798a42965f997f04b1cc1","8b767fd2-ab33-434d-ac30-10f91b4ce964","2025-09-17 19:38"
"Lubec","5e974c906ea510372c1e444a","Pasord","6669c659ca16186b5a3dbc35","b7e45154-7ff3-40f0-9254-28ded3bd8517","2025-09-17 19:40"
"Palmitas09","5c0450ca431965af44f4668e","Zuepp","601458985acffb00015bd0d5","823cfb6f-44d0-4514-8d00-82240fed708f","2025-09-17 19:41"
"Troxxinh0","64543bd7fb6efa97a2e06d2b","xiong","5ee4b5fc9d0ad24fd05b0a7a","a727bf0f-8f3a-43ec-94da-5cb3247d815f","2025-09-17 19:41"
"niwai","63bcf9051465b5b236749d8f","AI Generated Brain","62b451157d46d23857b158cb","0a121697-330e-46cb-973c-b2305485a89c","2025-09-17 19:42"
"Palmitas09","5c0450ca431965af44f4668e","Zuepp","601458985acffb00015bd0d5","a2457ca8-361b-402c-af53-49f52855ecdf","2025-09-17 19:44"
"fractyl","65a087cc1443f2988e7554ec","Lubec","5e974c906ea510372c1e444a","a1d72e9b-1577-4c35-9870-91e48d05aedb","2025-09-17 19:45"
"AI Generated Brain","62b451157d46d23857b158cb","niwai","63bcf9051465b5b236749d8f","5221e38c-ec81-493d-b18e-72b5d8e11d36","2025-09-17 19:51"
"Joan XIQUE¬≤ üê≠","6063947a510035000104454f","Lubec","5e974c906ea510372c1e444a","1b78a8eb-5f06-48bb-9350-15028ffcb8ec","2025-09-17 19:52"
"Troxxinh0","64543bd7fb6efa97a2e06d2b","Aliaksandr Kamarou","5bc9f3921f3cf81af80cfa72","382d4e57-8076-486f-bb5e-bf2622f236f6","2025-09-17 19:53"
"Palmitas09","5c0450ca431965af44f4668e","Èõ®ÂèàÊΩáÊΩá","635a7c4f940d8dc91bd25ec4","c6aa61a4-7d1c-433d-bd70-78a1220a252d","2025-09-17 19:55"
"niwai","63bcf9051465b5b236749d8f","Tottenhamwisps","60ad03a48b6e1d00012f8e7e","4a41af7a-e159-4df2-882b-44bd03ee0a4f","2025-09-17 20:00"
"Pasord","6669c659ca16186b5a3dbc35","Harrier (YT)","5ffb2e6d415d4d000165f5dd","b1737d97-a9d6-410d-8a80-41b94efba957","2025-09-17 20:00"
"Lubec","5e974c906ea510372c1e444a","Palmitas09","5c0450ca431965af44f4668e","87249e56-3a0e-4dbe-a754-db48812e60a1","2025-09-17 20:00"
"Aliaksandr Kamarou","5bc9f3921f3cf81af80cfa72","Troxxinh0","64543bd7fb6efa97a2e06d2b","ffba2b4e-5997-4176-b3b0-b3dc2bc28c26","2025-09-17 20:03"
"Harrier (YT)","5ffb2e6d415d4d000165f5dd","Pasord","6669c659ca16186b5a3dbc35","7441a277-ca21-4f71-91e8-24f81d3a2933","2025-09-17 20:05"
"Palmitas09","5c0450ca431965af44f4668e","Lubec","5e974c906ea510372c1e444a","b3e503e1-169c-481c-9c75-f5faa504d5de","2025-09-17 20:07"
"Troxxinh0","64543bd7fb6efa97a2e06d2b","Aliaksandr Kamarou","5bc9f3921f3cf81af80cfa72","49bb336c-948f-4eff-9710-0e8cefaf788b","2025-09-17 20:10"
"niwai","63bcf9051465b5b236749d8f","Tottenhamwisps","60ad03a48b6e1d00012f8e7e","0f336f51-fd18-4e45-a2a2-d30f82482b41","2025-09-17 20:11"
"Palmitas09","5c0450ca431965af44f4668e","Lubec","5e974c906ea510372c1e444a","3519e6f9-910b-4a35-a512-4492275abaaa","2025-09-17 20:11"
"Harrier (YT)","5ffb2e6d415d4d000165f5dd","Rohan","55886976b6a07066e4f4336e","8c8849aa-edba-434e-ac34-437f7fe86b12","2025-09-17 20:12"
"Troxxinh0","64543bd7fb6efa97a2e06d2b","ddddddd","6385d55ff7176da32a51a546","f312342c-9237-447b-96ff-03961e55340c","2025-09-17 20:17"
"Drobec","66f6f724dc55f1b787b0cf96","Rohan","55886976b6a07066e4f4336e","8f3d3013-1abd-41fc-9b43-5f27b62476da","2025-09-17 20:18"
"icouldbuyanicecreamwiththat","6328da1f7f518e8bf2fd4335","Palmitas09","5c0450ca431965af44f4668e","768b4be2-7889-462a-8dd1-d60c2430d841","2025-09-17 20:21"
"Lofty","5aa426e6afad0f7de4936eda","ArttuuhStopCryingLikeABaby ;-;","6877b24fc8272415e0c98d7a","8563df02-cab8-435d-9a64-f681d8a51393","2025-09-17 20:21"
"Rohan","55886976b6a07066e4f4336e","ddddddd","6385d55ff7176da32a51a546","85f88bf9-8628-4c43-b8f8-192bd5ed182a","2025-09-17 20:23"
"niwai","63bcf9051465b5b236749d8f","Lubec","5e974c906ea510372c1e444a","c9651650-4b9d-49ca-8c1e-cdaac411b33d","2025-09-17 20:25"
"Palmitas09","5c0450ca431965af44f4668e","ddddddd","6385d55ff7176da32a51a546","f342a2b2-0dd1-4f94-b2a7-b48ec11b576d","2025-09-17 20:27"
"Rohan","55886976b6a07066e4f4336e","Feneb","5dba86167e473f2408461141","9f81fd7f-bf5a-4c2f-9b7d-ae7a66d76f33","2025-09-17 20:32"
"Troxxinh0","64543bd7fb6efa97a2e06d2b","icouldbuyanicecreamwiththat","6328da1f7f518e8bf2fd4335","3a1d5012-3cf2-4842-8af9-1748b2db3501","2025-09-17 20:33"
"fractyl","65a087cc1443f2988e7554ec","Feneb","5dba86167e473f2408461141","85f92636-9047-4af4-be7b-5e7f4eb80dea","2025-09-17 20:38"
"ddddddd","6385d55ff7176da32a51a546","Tottenhamwisps","60ad03a48b6e1d00012f8e7e","6e1b2aa1-ff58-4296-a2b0-cc973b1c843d","2025-09-17 20:38"
"ddddddd","6385d55ff7176da32a51a546","LEMAPPEUR4","623e2d9e7b43375b4a5d3a59","d594c41e-9efe-41d7-b309-61d8bed4c58f","2025-09-17 20:42"
"ddddddd","6385d55ff7176da32a51a546","Palmitas09","5c0450ca431965af44f4668e","8c5ef08e-460d-4c10-bb40-cfb0994689e3","2025-09-17 20:46"
"Feneb","5dba86167e473f2408461141","fractyl","65a087cc1443f2988e7554ec","15b50d89-3900-4c85-8d42-5f996d966143","2025-09-17 20:47"
"Palmitas09","5c0450ca431965af44f4668e","jul","5f07412b8551644f80314987","1008726c-d6f3-4d16-acce-16da657988df","2025-09-17 20:52"
"Feneb","5dba86167e473f2408461141","fractyl","65a087cc1443f2988e7554ec","0a46b065-1590-42c0-bd12-54fbd49cdba7","2025-09-17 20:53"
"Tottenhamwisps","60ad03a48b6e1d00012f8e7e","niwai","63bcf9051465b5b236749d8f","522f021a-d11d-4f03-b457-b3438457cc96","2025-09-17 20:54"
"ArttuuhStopCryingLikeABaby ;-;","6877b24fc8272415e0c98d7a","braggio","57689d1b813a4f985c9652a3","868e5ccc-effe-4045-8744-8b32d6c196e4","2025-09-17 21:00"
"fractyl","65a087cc1443f2988e7554ec","Feneb","5dba86167e473f2408461141","ff4913e3-a306-49c2-a296-9afc99463112","2025-09-17 21:01"
"tekle","648f5251ce0e328c33810e56","niwai","63bcf9051465b5b236749d8f","6d69bf22-4ca0-49fd-b51b-fd17e2a1ed82","2025-09-17 21:02"
"Palmitas09","5c0450ca431965af44f4668e","gg80","63094e1796056024727fc5d5","e93587b3-c2a5-4e2f-ace3-fc931a07f25d","2025-09-17 21:04"
"Geoguesser Demon","60466b19d97e7d0001e8aefb","Palmitas09","5c0450ca431965af44f4668e","e315c281-02d6-41bb-84d2-1501934ec59a","2025-09-17 21:07"
"Palmitas09","5c0450ca431965af44f4668e","Hide_Èô≥","656204f0625675d164065e68","eff03399-fe83-4e16-a33c-3250caa2dec9","2025-09-17 21:11"
"gg80","63094e1796056024727fc5d5","OceanMan","5e9a08cdd502e121002b5279","9d08968b-d6ea-402d-a7bb-c9c2d963d9b6","2025-09-17 21:13"
"Geoguesser Demon","60466b19d97e7d0001e8aefb","Hide_Èô≥","656204f0625675d164065e68","f3a8772a-ef6a-4184-a1b9-20ecd83bea03","2025-09-17 21:15"
"OceanMan","5e9a08cdd502e121002b5279","Evanz","6639ae194e1ab21938887f4a","d31cfcb6-f7d4-4031-a433-47378ecb5e88","2025-09-17 21:17"
"Palmitas09","5c0450ca431965af44f4668e","Hide_Èô≥","656204f0625675d164065e68","f42ffb33-e5ad-47aa-aba4-a2dc81baf46f","2025-09-17 21:19"
"OceanMan","5e9a08cdd502e121002b5279","Evanz","6639ae194e1ab21938887f4a","266d6de7-36f6-47ca-9e2c-0b171cbdaa0f","2025-09-17 21:22"
"emsha","60a55176895a250001d9e2d8","Palmitas09","5c0450ca431965af44f4668e","ba26adc3-5adc-4edc-b51d-489f09c96db4","2025-09-17 21:27"
"emsha","60a55176895a250001d9e2d8","fractyl","65a087cc1443f2988e7554ec","dc308b74-cb11-4e4e-8670-ba348266a796","2025-09-17 21:36"
"Tottenhamwisps","60ad03a48b6e1d00012f8e7e","Evanz","6639ae194e1ab21938887f4a","7b5ff9fd-f583-4ae4-abed-c6d6baff6cc7","2025-09-17 21:37"
"Palmitas09","5c0450ca431965af44f4668e","bagaboiebailey","5fcef4a643dcb200016784ef","ee0caa55-690e-4ad3-bebd-3c94f72ac9fd","2025-09-17 21:38"
"yarza gunbu","590a7e655e957db360fdd708","Ryder","622d12825301d3000177b094","19882567-839a-4ca3-bcfe-cddb7abf93e9","2025-09-17 21:38"
"fractyl","65a087cc1443f2988e7554ec","emsha","60a55176895a250001d9e2d8","373658d6-aa6e-44a9-9214-065022d1c5ac","2025-09-17 21:47"
"emsha","60a55176895a250001d9e2d8","Palmitas09","5c0450ca431965af44f4668e","22cc3328-5f65-4150-ae4c-1bf735b2eb59","2025-09-17 21:52"
"BarryTheBoujeeü§ë üí∏","62be7867aa13616722f8dd4a","fractyl","65a087cc1443f2988e7554ec","044cb1da-1b43-4317-af23-360771ea725f","2025-09-17 21:58"
"Zion(temporary retired)","643a327c90664def4616d9e7","emsha","60a55176895a250001d9e2d8","4d0c54ce-e8d5-4601-888a-1149e6584378","2025-09-17 22:00"
"Bms432","5d75a280b4ec1705ecdb7cf0","tmol","65804bf1981dcef1aaa9fc20","511a73a8-937d-4d9c-a050-617b47099b29","2025-09-17 22:00"
"fractyl","65a087cc1443f2988e7554ec","emsha","60a55176895a250001d9e2d8","a04bbec6-5112-404f-991f-5fecb195c624","2025-09-17 22:04"
"MICMAC","65b921c9e606da2cb9403289","NivE (sus)","612ece5b4dcea10001c9f658","b57efa8b-dc5a-4535-8a11-f57445e9807d","2025-09-17 22:11"
"emsha","60a55176895a250001d9e2d8","fractyl","65a087cc1443f2988e7554ec","b7ec9988-5ffd-49c0-b075-d8469c9537bc","2025-09-17 22:12"
".kg","65318288e90c4dca692fc000","KaTaY1na","607d88c2d328170001c44287","b8ac770b-052c-4b46-ac9c-cbccd9b9abca","2025-09-17 22:13"
"weltschmerz","687289c6ba0595364154b212","tmol","65804bf1981dcef1aaa9fc20","84f6fe0f-c29d-4ce8-a8ea-b0c0349d5ebd","2025-09-17 22:15"
"MICMAC","65b921c9e606da2cb9403289","KaTaY1na","607d88c2d328170001c44287","38017120-298b-41a7-95ab-363b91b3c291","2025-09-17 22:15"
"fractyl","65a087cc1443f2988e7554ec","emsha","60a55176895a250001d9e2d8","e852e2c7-471b-4203-8a0b-d86329128269","2025-09-17 22:17"
"Elcu","633102d69d4a5044970cce21","ddddddd","6385d55ff7176da32a51a546","bc73e51c-6fd2-4216-a282-aea22414301b","2025-09-17 22:20"
"KaTaY1na","607d88c2d328170001c44287","MICMAC","65b921c9e606da2cb9403289","fb0666fb-06af-4de9-b0af-537285040bb5","2025-09-17 22:20"
"fractyl","65a087cc1443f2988e7554ec","emsha","60a55176895a250001d9e2d8","f8645a6b-57be-4ba5-ac68-1b4c2d72f50e","2025-09-17 22:23"
"weltschmerz","687289c6ba0595364154b212","tmol","65804bf1981dcef1aaa9fc20","dcef1e1e-a2c3-46d7-ba07-7e2cf61b08bb","2025-09-17 22:23"
"fractyl","65a087cc1443f2988e7554ec","emsha","60a55176895a250001d9e2d8","50151ece-6bf6-4c83-8f88-fff7dab2a3e7","2025-09-17 22:27"
"MICMAC","65b921c9e606da2cb9403289","weltschmerz","687289c6ba0595364154b212","193c13d6-ff1b-41c8-bec2-56527edf82be","2025-09-17 22:28"
"ddddddd","6385d55ff7176da32a51a546","Elcu","633102d69d4a5044970cce21","af27718a-ef0f-4d3e-a3d6-d80e03ffde49","2025-09-17 22:31"
"ddddddd","6385d55ff7176da32a51a546","weltschmerz","687289c6ba0595364154b212","06bcaf6f-fad8-41c5-92ee-631d3dd6cfee","2025-09-17 22:37"
"fractyl","65a087cc1443f2988e7554ec","YRP","65361a91884b107b4fd0cef8","cf0b05c3-8ffc-447b-87fd-9c5ec662fe0c","2025-09-17 22:40"
"KaTaY1na","607d88c2d328170001c44287","FrostyBRASIL","5d349d3941d2a43c1cd3fb96","c51a7484-2df8-4bfd-8833-7eb5109c12c9","2025-09-17 22:50"
"FrostyBRASIL","5d349d3941d2a43c1cd3fb96","KaTaY1na","607d88c2d328170001c44287","0d9002b5-dd8a-4a06-ae54-4fb497138f99","2025-09-17 22:57"
"MICMAC","65b921c9e606da2cb9403289","FrostyBRASIL","5d349d3941d2a43c1cd3fb96","6ce16015-2485-451a-b54b-27bfc07903db","2025-09-17 22:59"
"KaTaY1na","607d88c2d328170001c44287","FrostyBRASIL","5d349d3941d2a43c1cd3fb96","3a33ac98-b03a-4f83-bb9d-ff19eeaa0497","2025-09-17 23:03"
"KaTaY1na","607d88c2d328170001c44287","weltschmerz","687289c6ba0595364154b212","c4ef508e-420d-4599-aa44-d1b60bcceca2","2025-09-17 23:05"
"fractyl","65a087cc1443f2988e7554ec","BarryTheBoujeeü§ë üí∏","62be7867aa13616722f8dd4a","23a4fb4a-526d-4152-ac97-7cba76b6112b","2025-09-17 23:06"
"MICMAC","65b921c9e606da2cb9403289","sk","666b76089d20c1dd39ec810c","b6f9d227-73d6-43bd-9e3e-ff889c123e42","2025-09-17 23:07"
"FrostyBRASIL","5d349d3941d2a43c1cd3fb96","weltschmerz","687289c6ba0595364154b212","d43009e9-3a75-42e0-82d4-03eb12e40197","2025-09-17 23:09"
"sk","666b76089d20c1dd39ec810c","weltschmerz","687289c6ba0595364154b212","b02e2f36-9279-406d-904a-edd8881593af","2025-09-17 23:13"
"sk","666b76089d20c1dd39ec810c","KaTaY1na","607d88c2d328170001c44287","a60a9d00-e399-43a1-98c6-45f1404a5359","2025-09-17 23:18"
"weltschmerz","687289c6ba0595364154b212","trulybuzzy","5fb20f55d3f912000124d619","8e100f2e-5d20-4038-8347-e364465cff00","2025-09-17 23:23"
"KaTaY1na","607d88c2d328170001c44287","sk","666b76089d20c1dd39ec810c","572572a1-791b-4e96-b6d6-c10fe0d0905c","2025-09-17 23:23"
"trulybuzzy","5fb20f55d3f912000124d619","weltschmerz","687289c6ba0595364154b212","23c20743-67b6-4d6c-849b-3c48bcf09d39","2025-09-17 23:29"
"Zi8gbolt Lyons","612472f2c4b5740001ef2d03","Tottenhamwisps","60ad03a48b6e1d00012f8e7e","b1092acc-7704-4f99-9533-9fec095c82c0","2025-09-17 23:31"
"fractyl","65a087cc1443f2988e7554ec","Mathias","650a2d21361d5316c35b4efe","8fb78708-b5e5-430c-927c-1581fe8da18e","2025-09-17 23:35"
"trulybuzzy","5fb20f55d3f912000124d619","sk","666b76089d20c1dd39ec810c","a0ff44ef-3a39-4a95-9c69-297f83644e2e","2025-09-17 23:38"
"Salem","63af4615494c2bc27e4a2f31","Sombra","677c803ef36a2c9048280ccd","60ee726d-2581-4f92-bffb-1d5d24f5b0a1","2025-09-17 23:40"
"sk","666b76089d20c1dd39ec810c","trulybuzzy","5fb20f55d3f912000124d619","20160c85-15eb-49d5-ac87-bac00cb24ab2","2025-09-17 23:45"
"trulybuzzy","5fb20f55d3f912000124d619","sk","666b76089d20c1dd39ec810c","98b74216-0aca-4618-bb5f-e7a82760f0d3","2025-09-17 23:52"
"Sombra","677c803ef36a2c9048280ccd","Buryatia4k","68824670b44cc7a54bd74873","58dbaa84-7338-47f8-903d-a4c781925d4e","2025-09-17 23:52"
"trulybuzzy","5fb20f55d3f912000124d619","sk","666b76089d20c1dd39ec810c","d18a0ce2-3304-48fb-b9a2-e1f9747c131b","2025-09-17 23:58"
